{"cameraMode":{"drawMode":0,"name":"Shaded","section":"Shading Mode"},"sceneLighting":true,"audioPlay":false,"sceneViewState":{"m_AlwaysRefresh":false,"showFog":true,"showSkybox":true,"showFlares":true,"showImageEffects":true,"showParticleSystems":true,"showVisualEffectGraphs":true,"m_FxEnabled":true},"in2DMode":false,"pivot":{"x":17.26270866394043,"y":3.708524703979492,"z":13.255035400390625},"rotation":{"x":-0.0017882592510432006,"y":0.9861650466918945,"z":-0.01066032238304615,"w":-0.16542571783065797},"size":3.773247241973877,"orthographic":false}