{"cameraMode":{"drawMode":0,"name":"Shaded","section":"Shading Mode"},"sceneLighting":true,"audioPlay":false,"sceneViewState":{"m_AlwaysRefresh":false,"showFog":true,"showSkybox":true,"showFlares":true,"showImageEffects":true,"showParticleSystems":true,"showVisualEffectGraphs":true,"m_FxEnabled":true},"in2DMode":false,"pivot":{"x":-3.3066346645355226,"y":14.60985279083252,"z":30.082048416137697},"rotation":{"x":0.000711664732079953,"y":0.9991407990455627,"z":0.03717570751905441,"w":-0.01918541081249714},"size":2.099897861480713,"orthographic":false}