{"cameraMode":{"drawMode":0,"name":"Shaded","section":"Shading Mode"},"sceneLighting":true,"audioPlay":false,"sceneViewState":{"m_AlwaysRefresh":false,"showFog":true,"showSkybox":true,"showFlares":true,"showImageEffects":true,"showParticleSystems":true,"showVisualEffectGraphs":true,"m_FxEnabled":true},"in2DMode":false,"pivot":{"x":-5.1578898429870609,"y":10.086792945861817,"z":15.890596389770508},"rotation":{"x":-0.0011312641436234117,"y":0.9981039762496948,"z":-0.0587657205760479,"w":-0.019165262579917909},"size":2.0094716548919679,"orthographic":false}